{
    "loss": 0.5011560320854187,
    "accuracy": 0.9396551847457886
}