{
    "loss": 1.0290809869766235,
    "accuracy": 0.8706896305084229
}